ticker,name,open,high,low,close,prev_close,volume
0050,元大台灣50,61.8,62.1,61.55,61.9,61.9,117973
0051,元大中型100,88.75,88.85,88.35,88.4,88.75,53
0052,富邦科技,35.28,35.54,35.22,35.31,35.46,52410
0053,元大電子,132.35,132.7,131.95,132.2,132.79999999999998,11
0055,元大MSCI金融,31.8,32.17,31.61,31.87,31.78,935
0056,元大高股息,36.1,36.2,35.98,36.11,36.2,40222
0057,富邦摩台,180.35,181.8,180.35,180.9,181.3,149
0061,元大寶滬深,22.64,22.79,22.63,22.74,22.56,266
006203,元大MSCI台灣,112.1,112.5,112.0,112.15,113.30000000000001,4
006204,永豐臺灣加權,139.1,139.35,139.1,139.3,139.70000000000002,12
006205,富邦上証,38.43,38.76,38.43,38.73,38.29,674
006206,元大上證50,36.28,36.55,36.28,36.47,36.1,180
006207,復華滬深,30.2,30.22,30.02,30.18,29.91,145
006208,富邦台50,141.35,142.15,141.0,141.65,142.05,5235
00631L,元大台灣50正2,327.3,331.0,326.1,328.9,330.79999999999995,3315
00632R,元大台灣50反1,17.33,17.38,17.24,17.29,17.27,42259
00633L,富邦上証正2,48.85,49.01,48.4,48.9,48.16,2816
00634R,富邦上証反1,3.28,3.28,3.26,3.26,3.2899999999999996,470
00635U,期元大S&P黃金,46.61,46.65,46.49,46.61,46.6,2531
00636,國泰中國A50,26.49,26.68,26.48,26.62,26.39,1820
00636K,國泰中國A50+U,8.48,8.48,8.48,8.48,8.42,0
00637L,元大滬深300正2,20.05,20.18,19.92,20.12,19.84,45278
00638R,元大滬深300反1,6.97,6.98,6.94,6.94,7.010000000000001,154
00639,富邦深100,15.05,15.12,14.93,15.01,14.93,1489
00640L,富邦日本正2,74.9,75.35,74.6,75.25,75.5,191
00641R,富邦日本反1,4.68,4.69,4.67,4.67,4.68,2233
00642U,期元大S&P石油,14.89,14.92,14.7,14.8,14.72,6055
00643,群益深証中小,16.5,16.5,16.38,16.44,16.26,3327
00645,富邦日本,46.87,47.05,46.77,46.99,47.07,299
00646,元大S&P500,67.05,67.05,66.5,66.6,67.19999999999999,2276
00647L,元大S&P500正2,113.3,113.35,112.6,112.9,115.15,116
00648R,元大S&P500反1,4.42,4.45,4.42,4.44,4.390000000000001,7313
00650L,復華香港正2,17.15,17.41,17.1,17.29,17.11,5441
00651R,復華香港反1,5.4,5.4,5.36,5.39,5.42,204
00652,富邦印度,37.19,37.19,36.88,37.1,37.09,178
00653L,富邦印度正2,57.45,57.6,57.1,57.6,57.4,37
00654R,富邦印度反1,6.3,6.3,6.27,6.29,6.3,127
00655L,國泰中國A50正2,34.1,34.17,33.74,34.14,33.65,1040
00656R,國泰中國A50反1,6.16,6.18,6.16,6.16,6.21,279
00657,國泰日經225,58.0,58.0,57.6,57.8,58.349999999999994,222
00657K,國泰日經225+U,18.31,18.31,18.31,18.31,18.54,0
00660,元大歐洲50,41.49,41.49,41.34,41.34,41.580000000000005,8
00661,元大日經225,62.95,63.2,62.85,63.2,63.6,109
00662,富邦NASDAQ,100.5,100.6,100.1,100.4,101.80000000000001,4127
00663L,國泰臺灣加權正2,42.85,43.24,42.58,43.0,43.19,7094
00664R,國泰臺灣加權反1,2.82,2.82,2.79,2.8,2.8,8782
00665L,富邦恒生國企正2,10.49,10.61,10.43,10.54,10.469999999999999,11800
00666R,富邦恒生國企反1,9.04,9.04,8.99,8.99,9.05,148
00668,國泰美國道瓊,55.3,55.3,55.1,55.1,55.5,508
00668K,國泰美國道瓊+U,17.49,17.49,17.49,17.49,17.569999999999997,0
00669R,國泰美國道瓊反1,5.75,5.76,5.74,5.76,5.74,1454
00670L,富邦NASDAQ正2,155.3,155.45,154.2,155.2,159.1,1914
00671R,富邦NASDAQ反1,2.92,2.93,2.91,2.92,2.89,17200
00673R,期元大S&P原油反1,28.95,29.36,28.92,29.19,29.380000000000003,1840
00674R,期元大S&P黃金反1,5.87,5.9,5.87,5.89,5.8999999999999995,878
00675L,富邦臺灣加權正2,129.85,131.35,129.4,130.7,131.2,3090
00676R,富邦臺灣加權反1,9.52,9.54,9.49,9.49,9.47,2121
00678,群益那斯達克生技,34.2,34.53,34.2,34.39,34.660000000000004,431
00680L,元大美債20正2,7.27,7.29,7.26,7.28,7.21,17855
00681R,元大美債20反1,20.78,20.78,20.78,20.78,20.84,150
00683L,期元大美元指正2,20.78,20.8,20.76,20.78,20.78,52
00684R,期元大美元指反1,15.65,15.68,15.65,15.68,15.68,14
00685L,群益臺灣加權正2,116.55,117.75,116.1,117.2,117.75,667
00686R,群益臺灣加權反1,1.71,1.71,1.69,1.7,1.69,3570
00688L,國泰20年美債正2,7.25,7.27,7.24,7.25,7.19,5407
00689R,國泰20年美債反1,21.63,21.65,21.63,21.65,21.709999999999997,133
00690,兆豐藍籌30,42.47,42.68,42.39,42.55,42.68,1068
00692,富邦公司治理,54.4,54.7,54.25,54.6,54.550000000000004,1954
00693U,期街口S&P黃豆,20.42,20.44,20.36,20.36,20.48,1502
00700,富邦恒生國企,18.0,18.09,17.98,18.01,17.990000000000002,248
00701,國泰股利精選30,28.96,29.12,28.8,28.98,28.95,1899
00702,國泰標普低波高息,23.4,23.4,23.37,23.37,23.3,110
00703,台新MSCI中國,21.36,21.45,21.36,21.4,21.36,60
00706L,期元大S&P日圓正2,20.95,20.95,20.83,20.87,21.040000000000003,2292
00708L,期元大S&P黃金正2,91.55,91.65,91.1,91.55,91.55,2242
00709,富邦歐洲,36.13,36.18,36.04,36.18,36.26,58
00710B,復華彭博非投等債,19.02,19.05,19.02,19.04,19.02,143
00711B,復華彭博新興債,16.38,16.38,16.35,16.35,16.380000000000003,106
00712,復華富時不動產,9.09,9.13,9.09,9.11,9.04,14928
00713,元大台灣高息低波,51.2,51.35,51.0,51.15,51.199999999999996,9449
00714,群益道瓊美國地產,19.99,20.09,19.99,20.07,19.990000000000002,210
00715L,期街口布蘭特正2,19.16,19.23,18.74,18.92,18.75,28689
00717,富邦美國特別股,15.06,15.12,15.05,15.06,15.06,186
00728,第一金工業30,35.5,35.5,35.31,35.33,35.33,87
00730,富邦臺灣優質高息,23.14,23.17,22.99,23.12,23.14,131
00731,復華富時高息低波,68.7,69.1,68.65,68.95,68.7,704
00733,富邦臺灣中小,45.0,45.19,44.9,45.09,45.09,565
00735,國泰臺韓科技,48.04,48.22,47.95,48.22,48.04,234
00736,國泰新興市場,27.25,27.37,27.25,27.37,27.3,155
00737,國泰AI機器人,35.3,35.32,35.06,35.21,35.62,171
00738U,期元大道瓊白銀,54.95,55.05,54.15,55.0,54.6,6908
00739,元大MSCI A股,25.95,25.99,25.81,25.97,25.75,57
00752,中信中國50,26.0,26.02,25.85,25.86,25.89,2266
00753L,中信中國50正2,12.01,12.07,11.91,12.01,11.95,12140
00757,統一FANG+,116.55,116.8,116.25,116.55,118.3,2968
00762,元大全球AI,81.05,81.05,80.55,80.85,82.5,359
00763U,期街口道瓊銅,29.75,29.75,29.6,29.73,29.75,823
00770,國泰北美科技,56.6,56.6,56.1,56.25,57.2,666
00771,元大US高息特別股,16.09,16.09,16.09,16.09,16.15,3
00775B,新光投等債15+,32.8,32.8,32.8,32.8,32.8,1
00783,富邦中証500,24.47,24.62,24.47,24.61,24.22,121
00830,國泰費城半導體,55.5,55.55,55.2,55.35,56.800000000000004,9301
00850,元大臺灣ESG永續,52.95,53.15,52.75,53.0,53.2,468
00851,台新全球AI,54.65,54.65,54.65,54.65,55.0,2
00852L,國泰美國道瓊正2,30.45,30.46,30.3,30.35,30.650000000000002,251
00861,元大全球未來通訊,53.85,53.85,53.15,53.4,54.0,291
00865B,國泰US短期公債,47.33,47.42,47.3,47.31,47.300000000000004,3003
00875,國泰網路資安,38.71,38.71,38.51,38.6,39.09,45
00876,元大全球5G,49.64,49.64,49.0,49.16,50.05,347
00878,國泰永續高股息,21.35,21.38,21.27,21.33,21.349999999999998,25653
00881,國泰台灣科技龍頭,30.82,30.98,30.7,30.88,30.919999999999998,11067
00882,中信中國高股息,15.16,15.25,15.14,15.21,15.170000000000002,4936
00885,富邦越南,16.77,16.84,16.73,16.84,16.78,2625
00891,中信關鍵半導體,19.18,19.25,19.08,19.15,19.25,7597
00892,富邦台灣半導體,20.87,20.88,20.71,20.82,20.92,1056
00893,國泰智能電動車,31.45,31.65,31.44,31.51,32.27,1846
00894,中信小資高價30,25.87,25.87,25.6,25.76,25.830000000000002,2309
00895,富邦未來車,37.99,38.17,37.86,37.96,38.83,1133
00896,中信綠能及電動車,18.34,18.38,18.27,18.31,18.349999999999998,2920
00897,富邦基因免疫生技,8.66,8.67,8.65,8.65,8.72,479
00898,國泰基因免疫革命,7.81,7.85,7.79,7.79,7.81,318
00899,FT潔淨能源,19.99,20.0,19.9,19.95,20.12,109
00900,富邦特選高股息30,13.53,13.55,13.48,13.52,13.54,8601
00901,永豐智能車供應鏈,23.56,23.65,23.45,23.56,23.65,827
00902,中信電池及儲能,12.91,12.91,12.75,12.77,12.95,1186
00903,富邦元宇宙,17.14,17.14,17.05,17.1,17.32,198
00904,新光臺灣半導體30,21.76,21.97,21.71,21.77,21.86,3421
00905,FT臺灣Smart,16.63,16.64,16.55,16.62,16.66,805
00907,永豐優息存股,15.28,15.3,15.22,15.27,15.28,805
00908,富邦入息REITs+,13.7,13.76,13.7,13.76,13.68,143
00909,國泰數位支付服務,38.27,38.3,38.09,38.23,39.22,4921
00910,第一金太空衛星,40.17,40.17,39.94,39.95,41.440000000000005,1718
00911,兆豐洲際半導體,31.58,31.8,31.47,31.65,32.47,367
00912,中信臺灣智慧50,20.67,20.67,20.55,20.65,20.669999999999998,213
00913,兆豐台灣晶圓製造,23.76,23.78,23.6,23.63,23.779999999999998,173
00915,凱基優選高股息30,22.62,22.77,22.62,22.7,22.63,7143
00916,國泰全球品牌50,27.27,27.27,27.1,27.15,27.29,247
00917,中信特選金融,25.15,25.15,25.04,25.08,25.049999999999997,136
00918,大華優利高填息30,22.37,22.37,22.19,22.2,22.2,64177
00919,群益台灣精選高息,22.15,22.24,22.05,22.15,22.099999999999998,84365
00920,富邦ESG綠色電力,17.8,17.8,17.72,17.73,18.17,127
00921,兆豐龍頭等權重,17.26,17.3,17.21,17.26,17.25,128
00922,國泰台灣領袖50,24.64,24.72,24.5,24.62,24.720000000000002,27029
00923,群益台ESG低碳50,24.67,24.75,24.57,24.7,24.73,1295
00924,復華S&P500成長,28.75,28.75,28.46,28.52,28.93,3173
00926,凱基全球菁英55,22.94,22.94,22.65,22.72,22.939999999999998,881
00927,群益半導體收益,20.63,20.8,20.61,20.66,20.85,1197
00929,復華台灣科技優息,17.63,17.68,17.56,17.61,17.65,9645
00930,永豐ESG低碳高息,17.12,17.12,17.04,17.06,17.139999999999997,584
00932,兆豐永續高息等權,14.09,14.14,14.06,14.08,14.1,346
00934,中信成長高股息,20.24,20.28,20.14,20.16,20.26,1361
00935,野村臺灣新科技50,28.64,28.73,28.49,28.6,28.73,5249
00936,台新永續高息中小,15.59,15.6,15.5,15.5,15.59,872
00938,凱基優選30,16.93,16.96,16.89,16.94,16.93,512
00939,統一台灣高息動能,14.45,14.49,14.4,14.44,14.479999999999999,5490
00940,元大台灣價值高息,9.16,9.19,9.14,9.17,9.19,8754
00941,中信上游半導體,17.0,17.0,16.83,16.85,17.16,962
00943,兆豐電子高息等權,14.35,14.35,14.12,14.13,14.290000000000001,170
00944,野村趨勢動能高息,14.28,14.3,14.24,14.26,14.32,241
00945B,凱基美國非投等債,14.48,14.51,14.47,14.48,14.49,5368
00946,群益科技高息成長,9.58,9.62,9.53,9.58,9.65,5189
00947,台新臺灣IC設計,17.47,17.68,17.39,17.49,17.47,894
00949,復華日本龍頭,18.45,18.45,18.25,18.32,18.47,1057
00951,台新日本半導體,10.81,10.81,10.66,10.7,10.959999999999999,2340
00952,凱基台灣AI50,11.34,11.37,11.29,11.32,11.370000000000001,952
00953B,群益優選非投等債,9.74,9.76,9.72,9.72,9.73,26095
00954,中信日本半導體,11.54,11.54,11.4,11.44,11.719999999999999,1400
00956,中信日經高股息,11.38,11.38,11.32,11.35,11.389999999999999,98
00960,野村全球航運龍頭,14.25,14.25,14.21,14.21,14.290000000000001,517
00961,FT臺灣永續高息,9.26,9.27,9.2,9.23,9.26,3374
00962,台新AI優息動能,10.46,10.46,10.4,10.43,10.5,234
00963,中信全球高股息,11.34,11.34,11.31,11.32,11.3,528
00964,中信亞太高股息,11.19,11.21,11.15,11.16,11.18,542
00965,元大航太防衛科技,22.38,22.38,22.16,22.22,22.59,7422
00971,野村美國研發龍頭,15.83,15.83,15.65,15.69,15.91,1336
00972,野村日本動能高息,18.0,18.0,17.87,17.92,17.990000000000002,146
009800,中信NASDAQ,10.9,10.9,10.85,10.88,11.030000000000001,2196
009801,中信美國創新科技,10.97,10.97,10.88,10.91,11.07,2386
009802,富邦旗艦50,10.88,10.88,10.8,10.84,10.879999999999999,1515
009803,保德信市值動能50,12.22,12.25,12.15,12.21,12.25,2399
009804,聯邦台精彩50,14.28,14.28,13.99,14.04,14.049999999999999,1144
009805,新光美國電力基建,12.52,12.52,12.17,12.22,12.530000000000001,20551
009808,華南永昌優選50,18.88,18.88,18.79,18.86,18.88,978
009809,富邦淨零ESG50,10.23,10.25,10.19,10.21,10.270000000000001,1011
00980A,主動野村臺灣優選,14.48,14.54,14.42,14.48,14.540000000000001,9274
009810,保德信全球藍籌,18.21,18.22,18.16,18.17,18.360000000000003,164
009811,統一美國50,11.55,11.55,11.5,11.53,11.629999999999999,2950
009812,野村日本東證,10.64,10.64,10.56,10.6,10.66,892
009813,貝萊德標普卓越50,10.42,10.44,10.34,10.36,10.469999999999999,10175
00981A,主動統一台股增長,15.7,15.79,15.63,15.7,15.76,112691
00981T,平衡凱基雙核收息,10.47,10.47,10.43,10.45,10.43,2374
00982A,主動群益台灣強棒,13.56,13.62,13.49,13.54,13.629999999999999,28978
00982D,主動富邦動態入息,10.19,10.19,10.16,10.17,10.17,1072
00983A,主動中信ARK創新,11.95,11.97,11.91,11.95,12.19,4713
00983D,主動富邦複合收益,10.35,10.35,10.27,10.28,10.25,2724
00984A,主動安聯台灣高息,10.66,10.72,10.66,10.67,10.68,4878
00985A,主動野村台灣50,12.65,12.77,12.65,12.71,12.72,12947
00985B,群益ESG投等債0-5,10.35,10.36,10.33,10.33,10.34,8267
00986A,主動台新龍頭成長,11.22,11.22,11.04,11.08,11.25,761
00988A,主動統一全球創新,9.56,9.57,9.5,9.51,9.66,20163
00989A,主動摩根美國科技,14.78,14.78,14.66,14.72,14.96,2346
00991A,主動復華未來50,9.77,9.77,9.66,9.66,9.66,269922
01001T,土銀富邦R1,11.51,11.51,11.48,11.49,11.49,521
01002T,土銀國泰R1,14.5,14.5,14.5,14.5,14.55,27
01004T,土銀富邦R2,10.67,10.67,10.65,10.66,10.67,536
01007T,兆豐國泰R2,13.34,13.34,13.33,13.33,13.34,201
01009T,王道圓滿R1,6.8,6.89,6.8,6.89,6.83,5
01010T,京城樂富R1,10.0,10.03,9.99,10.03,10.03,625
020012,富邦行動通訊N,13.42,13.42,13.42,13.42,13.42,2
02001L,富邦蘋果正二N,42.8,43.06,42.49,42.6,43.28,15
02001R,富邦蘋果反一N,0.93,0.93,0.93,0.93,0.93,16
020020,元大台股領航N,14.91,14.93,14.85,14.87,14.93,15
020028,元大特選電動車N,12.18,12.18,12.17,12.17,12.25,2
020029,元大ESG高股息N,9.61,9.61,9.61,9.61,9.69,1
020030,統一智慧電動車N,8.39,8.4,8.39,8.4,8.48,24
020031,統一IC設計臺灣N,6.03,6.04,6.03,6.04,6.04,4
020032,元大綠能N,7.49,7.49,7.49,7.49,7.57,1
020034,元大IC設計N,7.31,7.31,7.31,7.31,7.38,3
020037,元大金融高股息N,8.37,8.38,8.37,8.37,8.299999999999999,6
020039,元大加權N,8.66,8.71,8.65,8.68,8.67,18
1101,台泥,22.25,22.35,22.1,22.2,22.4,17898
1101B,台泥乙特,45.45,45.5,45.25,45.5,45.5,19
1102,亞泥,36.25,36.95,36.1,36.3,36.3,17962
1103,嘉泥,13.8,13.9,13.75,13.9,13.75,181
1104,環泥,30.3,30.4,30.1,30.15,30.25,221
1108,幸福,14.95,14.95,14.9,14.95,14.899999999999999,53
1109,信大,15.5,15.65,15.45,15.55,15.55,35
1110,東泥,16.4,16.45,16.25,16.4,16.45,105
1201,味全,14.8,14.8,14.65,14.7,14.7,170
1203,味王,39.8,40.0,39.65,39.9,39.449999999999996,17
1210,大成,50.8,51.1,50.6,50.6,50.800000000000004,2563
1213,大飲,11.0,11.1,11.0,11.1,10.65,3
1215,卜蜂,135.0,137.5,132.5,136.0,134.5,4379
1216,統一,76.3,79.8,75.1,79.0,76.9,34305
1217,愛之味,10.5,10.55,10.45,10.5,10.5,477
1218,泰山,18.05,18.1,17.95,18.05,18.05,341
1219,福壽,13.5,13.55,13.45,13.5,13.5,109
1220,台榮,12.45,12.5,12.35,12.5,12.45,44
1225,福懋油,29.4,29.55,29.4,29.55,29.5,49
1227,佳格,30.35,30.55,30.3,30.5,30.35,250
1229,聯華,46.6,46.95,46.35,46.85,46.6,1035
1231,聯華食,96.8,98.4,96.1,98.4,96.80000000000001,190
1232,大統益,145.0,145.0,144.0,144.5,144.5,42
1233,天仁,32.1,32.1,32.05,32.1,31.85,14
1234,黑松,38.1,38.15,37.6,38.1,38.050000000000004,26
1235,興泰,48.5,49.0,47.2,47.2,47.2,18
1236,宏亞,25.05,26.05,25.0,25.45,24.9,117
1256,鮮活果汁-KY,140.0,140.0,136.0,137.0,137.0,22
1301,台塑,40.35,40.65,39.65,39.65,39.9,12630
1303,南亞,57.5,59.0,57.4,57.4,57.4,45499
1304,台聚,11.1,11.25,11.0,11.0,11.1,1924
1305,華夏,11.1,11.2,11.05,11.1,11.1,690
1307,三芳,32.5,33.3,32.5,33.1,32.5,1103
1308,亞聚,13.2,13.35,13.1,13.15,13.200000000000001,449
1309,台達化,11.2,11.3,11.05,11.05,11.200000000000001,1118
1310,台苯,8.49,8.56,8.45,8.46,8.48,792
1312,國喬,11.5,11.7,11.45,11.5,11.5,2208
1313,聯成,10.4,10.4,10.15,10.35,10.4,1699
1314,中石化,7.75,7.86,7.72,7.81,7.75,10513
1315,達新,64.2,64.2,64.1,64.1,64.19999999999999,5
1316,上曜,15.4,15.65,15.3,15.6,15.4,3026
1319,東陽,93.1,100.5,93.0,95.2,92.60000000000001,12203
1321,大洋,34.75,35.05,34.75,35.0,34.9,190
1323,永裕,19.55,19.55,19.5,19.55,19.55,30
1324,地球,10.45,10.55,10.45,10.55,10.5,23
1325,恆大,31.35,31.35,31.0,31.2,31.349999999999998,133
1326,台化,32.0,32.3,31.7,31.7,32.05,9692
1337,再生-KY,4.93,4.95,4.88,4.89,4.949999999999999,244
1338,廣華-KY,20.4,20.45,20.2,20.3,20.3,65
1339,昭輝,44.75,44.8,43.75,44.5,44.35,34
1340,勝悅-KY,7.38,7.46,7.27,7.27,7.26,64
1341,富林-KY,57.8,58.2,57.7,58.2,57.300000000000004,5
1342,八貫,86.6,87.6,86.6,86.9,86.7,52
1402,遠東新,27.9,28.05,27.75,27.9,27.9,2846
1409,新纖,15.1,15.4,15.1,15.3,15.05,3730
1410,南染,34.25,34.5,34.25,34.5,34.5,2
1413,宏洲,10.0,10.25,9.99,10.25,9.99,30
1414,東和,17.05,17.1,16.7,17.05,17.05,641
1416,廣豐,11.75,11.75,11.65,11.7,11.75,56
1417,嘉裕,8.85,9.12,8.85,9.04,8.879999999999999,397
1418,東華,19.45,19.45,19.45,19.45,19.099999999999998,1
1419,新紡,71.4,73.0,71.2,71.5,71.4,397
1423,利華,37.85,39.3,37.8,38.6,37.85,30
1432,大魯閣,18.1,18.1,18.0,18.05,18.1,41
1434,福懋,15.65,15.8,15.55,15.6,15.6,908
1435,中福,21.85,23.2,21.85,22.1,21.8,5
1436,華友聯,61.9,62.3,60.0,60.6,61.800000000000004,332
1437,勤益控,34.7,34.9,34.65,34.8,34.8,113
1438,三地開發,33.4,33.75,33.4,33.75,33.7,5
1439,雋揚,29.35,32.15,29.3,30.5,29.25,273
1440,南紡,13.65,13.75,13.45,13.5,13.65,1589
1441,大東,10.55,10.55,10.55,10.55,10.5,18
1442,名軒,30.9,30.9,27.5,28.6,30.55,11288
1443,立益物流,26.8,27.2,26.8,27.15,26.799999999999997,11
1444,力麗,6.03,6.07,6.0,6.04,6.0200000000000005,638
1445,大宇,13.25,13.25,13.25,13.25,13.4,2
1446,宏和,18.25,18.25,18.15,18.2,18.3,41
1447,力鵬,5.55,5.56,5.53,5.54,5.56,306
1449,佳和,11.35,11.35,11.05,11.05,11.3,607
1451,年興,17.3,17.35,17.3,17.3,17.3,68
1452,宏益,11.95,12.05,11.9,11.95,11.899999999999999,91
1453,大將,12.55,12.65,12.45,12.45,12.5,76
1454,台富,13.05,13.05,13.0,13.0,12.95,33
1455,集盛,7.76,7.79,7.74,7.77,7.8,110
1456,怡華,12.75,12.75,12.55,12.65,12.700000000000001,5
1457,宜進,15.65,15.7,15.65,15.65,15.65,62
1459,聯發,11.75,11.8,11.7,11.75,11.75,27
1460,宏遠,6.18,6.2,6.15,6.19,6.15,446
1463,強盛新,19.45,19.7,19.45,19.65,19.45,71
1464,得力,11.05,11.2,11.05,11.15,11.05,116
1465,偉全,12.8,13.05,12.75,12.8,12.8,48
1466,聚隆,14.35,14.35,14.1,14.35,14.299999999999999,85
1467,南緯,7.0,7.04,7.0,7.03,7.03,56
1468,昶和,11.65,11.7,11.5,11.7,11.7,34
1470,大統新創,22.7,22.7,22.5,22.7,22.05,3
1471,首利,8.96,8.96,8.65,8.84,8.92,126
1472,三洋實業,89.8,89.8,89.1,89.3,89.7,107
1473,台南,24.6,24.8,24.25,24.45,24.8,80
1474,弘裕,11.1,11.2,11.1,11.1,11.1,25
1475,業旺,30.15,30.5,30.15,30.2,30.3,18
1476,儒鴻,389.0,391.0,384.0,385.5,390.0,541
1477,聚陽,304.0,305.5,295.0,296.5,303.0,2003
1503,士電,166.5,168.0,164.5,167.5,166.5,863
1504,東元,81.8,82.2,81.0,82.0,82.6,11863
1506,正道,11.7,11.7,11.5,11.65,11.700000000000001,66
1512,瑞利,7.49,7.53,7.46,7.5,7.49,43
1513,中興電,146.5,146.5,144.5,144.5,146.5,1903
1514,亞力,97.6,99.1,97.0,97.0,98.3,1637
1515,力山,27.8,28.05,27.6,27.9,27.9,202
1516,川飛,20.6,22.5,20.55,21.9,20.599999999999998,282
1517,利奇,11.1,11.35,11.1,11.25,11.1,130
1519,華城,770.0,782.0,754.0,757.0,765.0,4234
1521,大億,23.9,23.9,23.8,23.8,23.900000000000002,6
1522,堤維西,47.4,49.2,47.0,47.6,47.45,1991
1522A,堤維西甲特,49.2,49.2,49.2,49.2,49.150000000000006,1
1524,耿鼎,28.1,29.15,27.9,29.05,27.8,2530
1525,江申,64.0,64.0,63.3,63.3,63.699999999999996,7
1526,日馳,16.75,16.85,16.6,16.75,16.75,20
1527,鑽全,32.65,32.9,32.65,32.7,32.800000000000004,116
1528,恩德,15.8,15.8,15.35,15.6,15.799999999999999,1540
1529,樂事綠能,18.8,18.8,18.45,18.45,18.8,567
1530,亞崴,27.15,27.7,27.1,27.65,27.299999999999997,22
1531,高林股,11.85,11.85,11.75,11.8,11.850000000000001,21
1532,勤美,27.1,27.35,26.95,27.05,27.0,689
1533,車王電,32.55,32.85,32.35,32.55,32.55,88
1535,中宇,52.6,53.0,52.5,52.9,52.9,30
1536,和大,58.4,58.8,57.6,57.7,58.900000000000006,992
1537,廣隆,124.0,125.5,124.0,125.0,124.5,39
1538,正峰,24.65,24.65,23.9,23.9,23.9,2
1539,巨庭,17.15,17.3,17.15,17.15,17.15,24
1540,喬福,22.75,22.85,22.4,22.85,22.8,116
1541,錩泰,23.4,23.45,23.4,23.45,23.4,6
1558,伸興,102.0,103.5,101.5,101.5,102.0,107
1560,中砂,365.0,365.5,354.5,361.5,366.0,2982
1563,巧新,40.55,40.55,39.9,40.05,40.449999999999996,188
1568,倉佑,21.7,21.85,21.7,21.75,21.7,56
1582,信錦,64.7,64.9,64.4,64.9,64.60000000000001,165
1583,程泰,46.0,46.7,45.75,45.75,45.5,6
1587,吉茂,49.0,51.0,48.8,51.0,49.7,3483
1589,永冠-KY,17.1,17.1,16.7,16.85,17.1,675
1590,亞德客-KY,922.0,923.0,901.0,905.0,928.0,578
1597,直得,71.4,71.4,70.4,71.0,71.3,106
1598,岱宇,20.95,21.1,20.85,20.95,21.0,71
1603,華電,37.1,37.6,37.0,37.45,37.150000000000006,282
1604,聲寶,24.6,24.65,24.4,24.5,24.55,68
1605,華新,29.6,29.95,29.45,29.5,29.9,22912
1608,華榮,36.4,36.9,36.25,36.3,36.599999999999994,2986
1609,大亞,37.5,37.55,37.05,37.05,37.4,2599
1611,中電,13.1,13.1,12.7,12.8,13.100000000000001,1162
1612,宏泰,34.4,34.4,33.9,34.1,34.2,573
1614,三洋電,34.35,34.7,34.15,34.15,34.05,26
1615,大山,49.45,49.45,48.2,48.2,48.85,70
1616,億泰,27.85,27.95,27.6,27.75,27.85,521
1617,榮星,14.3,14.4,14.2,14.3,14.350000000000001,51
1618,合機,40.9,41.15,40.7,40.85,40.9,234
1626,艾美特-KY,11.6,11.6,11.5,11.55,11.55,20
1702,南僑,38.5,39.15,38.5,39.1,38.6,543
1707,葡萄王,127.0,127.0,126.0,126.5,126.5,75
1708,東鹼,32.5,32.6,32.2,32.3,32.55,801
1709,和益,16.7,16.75,16.7,16.75,16.7,104
1710,東聯,11.95,12.05,11.9,11.95,11.95,626
1711,永光,18.05,18.45,17.9,17.95,18.0,1715
1712,興農,44.2,44.2,43.95,44.2,44.2,324
1713,國化,43.75,44.1,43.7,44.1,43.4,127
1714,和桐,8.38,8.38,8.27,8.28,8.33,920
1717,長興,38.25,38.6,38.0,38.25,38.25,2949
1718,中纖,6.9,6.93,6.84,6.84,6.87,972
1720,生達,59.5,60.0,59.5,59.7,59.5,184
1721,三晃,11.85,12.35,11.85,12.35,11.25,2846
1722,台肥,47.0,47.0,46.6,46.65,46.85,3164
1723,中碳,69.2,69.2,68.0,68.0,69.0,645
1725,元禎,25.75,25.85,25.4,25.55,25.35,25
1726,永記,76.2,76.7,75.9,76.3,75.7,39
1727,中華化,38.05,39.35,37.65,37.8,38.199999999999996,2691
1730,花仙子,52.9,52.9,52.8,52.8,52.9,11
1731,美吾華,21.7,21.8,21.65,21.7,21.7,56
1732,毛寶,28.6,28.6,28.5,28.55,28.6,39
1733,五鼎,31.1,31.35,31.05,31.05,31.1,85
1734,杏輝,30.45,30.65,30.4,30.5,30.45,109
1735,日勝化,14.55,14.65,14.55,14.6,14.549999999999999,13
1736,喬山,147.5,148.0,144.0,145.0,146.0,505
1737,臺鹽,31.5,31.6,31.45,31.5,31.5,69
1752,南光,37.25,37.5,37.2,37.2,37.35,31
1760,寶齡富錦,64.0,64.1,63.3,63.6,64.2,67
1762,中化生,24.7,24.9,24.7,24.9,24.849999999999998,10
1773,勝一,134.0,134.5,133.5,134.0,134.5,227
1776,展宇,14.75,14.75,14.6,14.65,14.85,16
1783,和康生,42.05,43.25,42.05,42.8,42.05,100
1786,科妍,74.2,77.0,73.8,75.3,74.5,455
1789,神隆,17.4,17.65,17.4,17.5,17.45,470
1795,美時,284.0,288.0,281.0,282.0,283.5,1542
1802,台玻,32.95,33.7,32.25,32.9,33.949999999999996,76926
1805,寶徠,10.95,11.0,10.9,10.9,10.8,30
1806,冠軍,9.34,9.45,9.17,9.25,9.31,445
1808,潤隆,33.0,33.55,32.7,32.85,33.0,1563
1809,中釉,17.3,17.35,17.15,17.3,17.25,261
1810,和成,16.95,16.95,16.75,16.8,17.0,491
1817,凱撒衛,38.4,38.45,38.25,38.45,38.400000000000006,22
1903,士紙,55.3,56.6,55.2,55.6,55.300000000000004,122
1904,正隆,17.8,17.9,17.7,17.7,17.8,299
1905,華紙,11.8,11.8,11.55,11.55,11.75,2103
1906,寶隆,11.9,11.95,11.75,11.85,11.9,73
1907,永豐餘,25.9,26.2,25.6,25.9,25.9,602
1909,榮成,10.35,10.45,10.2,10.25,10.35,1498
2002,中鋼,18.4,18.5,18.2,18.25,18.4,23782
2002A,中鋼特,38.8,38.8,38.75,38.8,38.849999999999994,13
2006,東和鋼鐵,65.5,66.1,65.1,65.1,65.39999999999999,5536
2007,燁興,7.36,7.38,7.27,7.27,7.319999999999999,86
2008,高興昌,29.0,29.05,28.9,28.9,29.0,31
2009,第一銅,43.35,44.1,42.8,42.9,43.35,2514
2010,春源,20.6,20.7,20.5,20.55,20.55,564
2012,春雨,14.95,15.0,14.9,14.9,14.950000000000001,33
2013,中鋼構,41.55,41.95,41.5,41.85,41.5,32
2014,中鴻,15.45,15.45,15.05,15.05,15.25,3206
2015,豐興,63.6,63.6,62.0,62.5,63.4,464
2017,官田鋼,8.5,8.5,8.35,8.4,8.44,175
2020,美亞,23.15,23.15,23.0,23.05,23.150000000000002,114
2022,聚亨,8.29,8.39,8.28,8.33,8.290000000000001,466
2023,燁輝,14.8,14.9,14.7,14.8,14.8,978
2024,志聯,15.25,15.95,15.25,15.95,15.399999999999999,13
2025,千興,9.53,9.57,9.5,9.5,9.56,43
2027,大成鋼,36.15,36.5,35.8,35.8,36.15,23937
2028,威致,16.85,17.0,16.7,16.85,16.8,31
2029,盛餘,20.85,21.35,20.85,21.2,20.8,310
2030,彰源,14.0,14.05,13.8,13.9,13.950000000000001,98
2031,新光鋼,37.65,37.65,37.3,37.35,37.45,263
2032,新鋼,14.1,14.15,14.0,14.15,14.15,107
2033,佳大,15.7,15.8,15.6,15.65,15.65,54
2034,允強,20.15,20.55,20.0,20.2,20.15,1241
2038,海光,14.25,14.25,14.05,14.1,14.15,180
2049,上銀,195.0,195.0,190.0,193.5,195.5,1430
2059,川湖,3545.0,3565.0,3460.0,3520.0,3545.0,473
2062,橋椿,21.15,21.15,21.0,21.05,21.05,141
2069,運錩,16.75,16.9,16.7,16.8,16.900000000000002,59
2101,南港,37.6,37.75,37.3,37.45,37.5,839
2102,泰豐,19.9,19.95,19.8,19.9,19.9,163
2103,台橡,15.7,15.7,15.5,15.65,15.700000000000001,666
2104,國際中橡,10.75,10.8,10.6,10.7,10.75,2699
2105,正新,30.4,30.55,30.2,30.35,30.5,6657
2106,建大,20.25,20.4,20.1,20.3,20.25,419
2107,厚生,24.35,24.55,24.35,24.55,24.45,102
2108,南帝,22.65,22.65,22.35,22.5,22.55,161
2109,華豐,15.05,15.05,14.95,15.0,15.0,75
2114,鑫永銓,89.8,89.8,89.5,89.5,89.8,62
2115,六暉-KY,24.6,24.7,24.55,24.6,24.75,59
2201,裕隆,33.3,36.5,33.3,36.5,33.2,10262
2204,中華,59.0,61.0,58.8,60.4,59.1,2033
2206,三陽工業,60.5,60.6,60.0,60.3,60.3,853
2208,台船,19.85,20.0,19.7,19.75,19.85,1884
2211,長榮鋼,102.5,104.5,100.0,102.5,102.5,5658
2227,裕日車,55.0,57.7,55.0,57.0,54.7,88
2228,劍麟,110.5,112.5,110.0,111.5,111.5,2559
2231,為升,91.1,92.0,89.8,90.5,91.1,452
2233,宇隆,185.0,185.0,181.0,181.5,185.5,463
2236,百達-KY,114.5,114.5,111.0,111.5,113.5,245
2239,英利-KY,38.25,38.25,37.15,37.15,38.35,85
2241,艾姆勒,36.0,37.8,36.0,37.35,36.300000000000004,576
2243,宏旭-KY,11.45,11.8,11.45,11.7,11.649999999999999,115
2247,汎德永業,287.0,287.0,284.5,285.0,286.5,32
2250,IKKA-KY,70.8,71.5,70.2,70.2,70.8,40
2254,巨鎧精密-創,59.0,59.3,58.9,59.3,59.0,11
2258,鴻華先進-創,38.0,40.45,38.0,39.2,37.800000000000004,1061
2301,光寶科,153.5,156.0,153.0,155.0,154.5,8851
2302,麗正,17.55,17.7,17.4,17.45,17.55,263
2303,聯電,50.2,50.7,49.7,50.3,50.4,62841
2305,全友,10.85,11.05,10.85,10.9,10.9,200
2308,台達電,889.0,896.0,886.0,891.0,890.0,6718
2312,金寶,23.0,23.1,22.65,22.65,23.2,14727
2313,華通,96.0,98.1,90.2,91.4,94.9,129743
2314,台揚,22.75,22.75,22.3,22.65,23.15,53
2316,楠梓電,103.0,104.0,101.0,101.0,103.5,1839
2317,鴻海,214.5,217.0,213.5,216.0,216.5,50364
2321,東訊,17.45,17.45,17.45,17.45,17.65,1
2323,中環,10.35,10.6,10.2,10.25,10.4,9705
2324,仁寶,29.7,30.0,29.45,29.7,29.55,21091
2327,國巨*,220.0,223.0,218.0,218.0,221.0,15697
2328,廣宇,45.85,46.1,45.4,45.4,45.949999999999996,2285
2329,華泰,51.0,53.9,50.8,51.7,51.6,42420
2330,台積電,1420.0,1435.0,1415.0,1430.0,1430.0,33103
2331,精英,22.85,23.4,22.85,23.15,22.9,6402
2332,友訊,15.75,15.8,15.5,15.6,15.75,1990
2337,旺宏,37.75,39.2,37.7,37.95,37.650000000000006,161172
2338,光罩,33.95,34.5,33.35,33.9,33.949999999999996,442
2340,台亞,27.55,27.55,26.5,26.55,27.45,2603
2342,茂矽,29.15,29.4,28.3,28.6,29.150000000000002,1761
2344,華邦電,75.0,77.8,73.9,74.5,73.9,531280
2345,智邦,1165.0,1185.0,1155.0,1180.0,1185.0,4629
2347,聯強,57.4,58.2,57.4,57.6,57.300000000000004,9882
2348,海悅,81.1,82.6,80.8,81.8,81.1,356
2348A,海悅甲特,36.5,36.5,36.5,36.5,36.55,5
2349,錸德,13.9,14.45,13.2,14.0,14.6,13728
2351,順德,76.0,76.0,74.3,74.5,75.7,519
2352,佳世達,25.65,25.9,24.55,24.55,25.7,16622
2353,宏碁,26.05,26.1,25.7,25.7,26.05,17067
2354,鴻準,60.9,61.3,60.6,60.9,60.9,2544
2355,敬鵬,32.15,32.35,31.7,31.75,32.35,896
2356,英業達,42.3,42.55,42.15,42.2,42.35,7320
2357,華碩,566.0,580.0,553.0,554.0,577.0,12503
2359,所羅門,126.5,127.5,125.0,125.0,126.5,673
2360,致茂,739.0,748.0,728.0,728.0,740.0,3428
2362,藍天,39.65,39.65,39.0,39.6,39.4,404
2363,矽統,48.0,48.0,47.2,47.25,47.95,1228
2364,倫飛,67.2,69.5,67.2,67.8,67.3,232
2365,昆盈,35.85,35.95,35.0,35.1,35.95,1252
2367,燿華,27.6,27.65,26.2,26.35,27.650000000000002,20272
2368,金像電,581.0,593.0,577.0,589.0,586.0,4251
2369,菱生,23.3,23.75,22.55,22.65,23.4,8305
2371,大同,30.25,30.85,30.0,30.75,30.2,30329
2373,震旦行,56.8,57.0,56.4,56.6,56.6,19
2374,佳能,78.1,78.1,76.5,76.5,78.2,3117
2375,凱美,91.0,92.3,89.6,90.3,90.8,1415
2376,技嘉,238.5,242.5,237.0,237.0,236.0,3526
2377,微星,100.5,102.0,100.0,100.0,100.5,4468
2379,瑞昱,513.0,516.0,505.0,507.0,514.0,2076
2380,虹光,5.01,5.01,4.96,4.97,5.01,30
2382,廣達,265.0,265.5,260.0,260.0,265.0,30614
2383,台光電,1470.0,1515.0,1470.0,1500.0,1495.0,1749
2385,群光,114.5,115.0,113.5,113.5,114.0,1921
2387,精元,39.3,39.4,39.05,39.05,39.5,117
2388,威盛,56.8,56.9,55.6,55.8,57.0,3698
2390,云辰,9.89,9.93,9.82,9.82,9.89,177
2392,正崴,37.4,37.8,36.9,37.05,37.15,1015
2393,億光,52.0,52.2,51.2,51.9,51.6,12211
2395,研華,272.0,276.0,271.0,275.0,273.5,1371
2397,友通,61.2,61.3,60.3,61.1,61.2,91
2399,映泰,24.0,24.8,23.65,24.2,24.0,2496
2401,凌陽,20.45,20.5,20.15,20.2,20.45,1088
2402,毅嘉,55.6,58.2,54.6,55.2,56.300000000000004,12006
2404,漢唐,953.0,965.0,915.0,952.0,957.0,4783
2405,輔信,18.7,18.8,18.5,18.5,18.65,1147
2406,國碩,24.35,24.85,23.35,23.6,24.650000000000002,13701
2408,南亞科,164.5,171.0,164.5,170.0,164.5,40687
2409,友達,11.3,11.35,11.1,11.15,11.3,25395
2412,中華電,129.5,130.5,129.5,130.0,129.5,3774
2413,環科,31.95,33.0,31.15,31.35,32.1,6452
2414,精技,40.9,41.2,40.05,41.15,41.0,242
2415,錩新,25.8,26.2,25.55,25.55,25.95,87
2417,圓剛,36.3,36.3,35.35,35.35,36.1,362
2419,仲琦,24.8,24.8,24.0,24.05,24.85,1216
2420,新巨,50.2,50.3,50.0,50.1,50.300000000000004,51
2421,建準,152.5,153.0,149.5,151.5,153.0,1834
2423,固緯,53.3,54.8,53.3,54.8,54.199999999999996,78
2424,隴華,40.35,41.45,39.0,39.4,41.449999999999996,192
2425,承啟,29.1,29.5,29.1,29.1,29.0,81
2426,鼎元,17.0,17.15,16.75,17.0,17.1,311
2427,三商電,27.05,27.15,26.85,26.85,27.05,529
2428,興勤,171.5,176.0,171.5,175.0,172.5,361
2429,銘旺科,71.8,73.2,70.5,73.0,71.6,401
2430,燦坤,22.95,23.05,22.8,22.95,22.95,34
2431,聯昌,11.5,11.5,11.35,11.4,11.5,360
2432,倚天酷碁-創,25.85,25.85,25.4,25.45,25.9,59
2433,互盛電,47.4,47.5,47.2,47.45,47.400000000000006,53
2434,統懋,30.35,30.55,30.35,30.5,30.35,21
2436,偉詮電,48.45,48.45,47.3,47.45,48.35,1040
2438,翔耀,22.55,22.55,22.0,22.0,22.55,47
2439,美律,96.3,97.0,95.1,95.5,97.1,5157
2440,太空梭,14.15,14.35,13.8,13.85,14.75,963
2441,超豐,85.4,85.8,82.0,83.4,86.2,13671
2442,新美齊,25.5,25.75,25.4,25.7,25.65,253
2444,兆勁,11.95,11.95,11.4,11.7,12.049999999999999,388
2449,京元電子,213.0,213.5,208.0,208.5,215.0,17601
2450,神腦,28.9,29.0,28.8,29.0,28.85,40
2451,創見,183.5,187.5,179.0,183.5,180.5,10373
2453,凌群,52.3,52.5,52.0,52.2,52.7,169
2454,聯發科,1425.0,1445.0,1415.0,1420.0,1425.0,5601
2455,全新,131.5,133.0,130.5,131.0,133.0,1304
2457,飛宏,29.4,30.0,29.1,29.3,29.5,1943
2458,義隆,123.0,126.5,121.5,126.5,123.5,2885
2459,敦吉,64.8,65.0,64.8,64.9,64.9,15
2460,建通,19.6,19.85,19.0,19.0,19.75,356
2461,光群雷,15.5,15.5,15.2,15.2,15.45,1259
2462,良得電,22.65,22.65,22.35,22.55,22.55,52
2464,盟立,61.2,61.2,58.2,59.4,62.0,2384
2465,麗臺,61.8,62.0,59.3,59.9,61.8,517
2466,冠西電,64.9,65.9,64.3,65.9,65.30000000000001,1373
2467,志聖,230.0,231.5,226.0,226.5,232.5,1640
2468,華經,44.25,44.25,40.8,41.25,44.25,4973
2471,資通,50.1,50.1,49.85,49.85,50.1,46
2472,立隆電,102.0,105.0,101.5,103.5,102.5,1607
2474,可成,192.5,192.5,190.5,190.5,190.5,1976
2476,鉅祥,88.7,88.8,87.5,87.9,88.60000000000001,993
2477,美隆電,23.5,23.75,23.35,23.45,23.55,37
2478,大毅,56.0,57.5,56.0,56.2,56.1,781
2480,敦陽科,147.0,149.0,146.5,148.5,147.0,88
2481,強茂,79.5,84.4,79.5,82.6,79.19999999999999,27542
2482,連宇,17.5,17.7,17.4,17.5,17.6,64
2483,百容,18.5,19.15,18.5,18.8,18.650000000000002,28
2484,希華,20.6,20.9,20.6,20.9,20.799999999999997,165
2485,兆赫,29.7,30.5,28.55,28.95,29.55,65436
2486,一詮,100.0,103.0,90.1,90.3,98.0,50263
2488,漢平,45.35,45.7,45.05,45.35,45.35,94
2489,瑞軒,14.65,14.75,14.45,14.55,14.600000000000001,2091
2491,吉祥全,24.95,26.0,24.7,25.3,23.650000000000002,2017
2492,華新科,113.0,116.5,113.0,114.5,113.5,3574
2493,揚博,98.5,98.5,96.6,97.0,98.5,675
2495,普安,28.85,31.1,28.4,30.5,28.65,28035
2496,卓越,69.6,69.6,68.8,68.9,68.80000000000001,9
2497,怡利電,47.0,47.45,46.65,47.0,47.05,344
2498,宏達電,49.1,49.3,48.5,48.55,49.449999999999996,5098
2501,國建,22.55,22.8,22.5,22.8,22.55,1800
2504,國產,36.45,36.55,35.7,36.2,36.45,6161
2505,國揚,19.3,19.45,19.15,19.25,19.2,166
2506,太設,9.35,9.35,9.19,9.29,9.35,253
2509,全坤建,15.05,15.05,14.9,15.0,14.85,91
2511,太子,8.14,8.15,8.1,8.11,8.11,792
2514,龍邦,15.0,15.0,14.85,14.85,15.049999999999999,89
2515,中工,12.95,13.5,12.95,13.25,12.9,12021
2516,新建,14.85,14.95,14.8,14.85,14.9,196
2520,冠德,33.3,34.15,33.2,34.0,33.05,11139
2524,京城,43.3,44.25,42.0,42.15,43.199999999999996,311
2527,宏璟,28.0,28.4,27.95,28.35,28.1,151
2528,皇普,29.95,30.3,29.75,30.15,29.9,403
2530,華建,27.7,28.25,27.7,28.05,27.7,654
2534,宏盛,20.45,20.65,20.25,20.6,20.25,599
2535,達欣工,62.2,62.5,62.1,62.2,62.2,94
2536,宏普,26.25,26.5,26.15,26.25,26.15,90
2537,聯上發,10.75,11.7,10.7,11.45,10.649999999999999,9297
2538,基泰,11.3,11.3,11.25,11.25,11.2,263
2539,櫻花建,48.65,48.65,47.45,47.65,48.0,520
2540,愛山林,48.45,48.45,47.2,48.2,48.1,868
2542,興富發,38.4,39.45,38.2,39.15,38.3,12839
2543,皇昌,61.4,61.9,59.9,61.9,60.699999999999996,1209
2545,皇翔,38.15,38.6,38.0,38.4,38.05,369
2546,根基,85.8,88.6,85.6,86.4,86.2,29
2547,日勝生,10.75,10.8,10.65,10.75,10.65,806
2548,華固,106.0,113.0,106.0,111.0,105.0,6397
2597,潤弘,165.0,166.5,164.0,165.5,165.5,182
2601,益航,5.64,5.64,5.49,5.49,5.6000000000000005,1364
2603,長榮,184.0,184.5,181.0,183.0,184.0,5220
2605,新興,26.4,26.5,25.8,25.85,26.75,14963
2606,裕民,62.5,62.5,60.3,60.9,63.0,12970
2607,榮運,57.6,57.6,56.7,56.8,57.4,2164
2608,嘉里大榮,33.45,33.45,33.15,33.15,33.15,90
2609,陽明,51.4,51.4,50.6,50.7,51.6,12566
2610,華航,19.7,19.8,19.55,19.6,19.650000000000002,20736
2611,志信,14.9,14.95,14.75,14.85,14.9,237
2612,中航,61.8,62.0,58.7,59.4,62.3,3172
2613,中櫃,23.4,23.4,23.0,23.15,23.549999999999997,744
2614,東森,22.15,23.0,22.1,22.8,22.1,1809
2615,萬海,77.5,78.1,76.2,76.4,78.0,10048
2616,山隆,13.7,13.7,13.6,13.6,13.7,51
2617,台航,30.8,30.8,30.2,30.3,30.8,744
2618,長榮航,36.0,36.0,35.7,35.85,35.800000000000004,15874
2630,亞航,49.1,49.55,48.7,49.3,49.099999999999994,659
2633,台灣高鐵,27.3,27.5,27.3,27.4,27.4,2452
2634,漢翔,50.1,50.3,49.2,49.8,49.5,4280
2636,台驊控股,65.0,65.2,64.7,65.1,65.0,257
2637,慧洋-KY,68.0,68.3,66.2,67.2,68.3,5822
2642,宅配通,26.15,26.3,26.15,26.25,26.15,19
2645,長榮航太,140.0,140.5,137.5,138.0,140.0,1372
2646,星宇航空,23.1,23.1,22.95,22.95,23.05,2691
2701,萬企,11.1,11.1,11.0,11.05,11.05,27
2702,華園,11.95,12.0,11.75,11.9,11.9,62
2704,國賓,43.75,43.8,43.15,43.25,43.15,39
2705,六福,16.5,16.55,16.5,16.55,16.55,3207
2706,第一店,12.95,13.0,12.9,12.95,12.95,87
2707,晶華,189.0,189.0,188.5,188.5,188.5,66
2712,遠雄來,18.35,18.35,17.85,18.3,18.400000000000002,15
2722,夏都,26.85,26.85,26.4,26.4,26.549999999999997,20
2723,美食-KY,67.2,68.4,66.9,67.9,67.0,306
2727,王品,214.5,216.5,214.5,216.0,215.5,263
2731,雄獅,166.0,166.0,163.5,165.0,166.0,459
2739,寒舍,35.9,35.9,35.5,35.65,35.6,21
2748,雲品,42.95,43.0,42.7,42.7,42.95,51
2753,八方雲集,194.0,195.0,192.5,193.5,194.0,167
2762,世界健身-KY,77.1,77.4,77.1,77.4,77.4,5
2801,彰銀,20.7,20.85,20.6,20.75,20.7,13262
2812,台中銀,21.45,21.5,21.0,21.35,21.35,12524
2816,旺旺保,29.2,29.25,28.8,29.0,29.1,74
2820,華票,16.8,16.9,16.8,16.8,16.8,742
2832,台產,50.2,51.3,50.2,50.6,50.2,183
2834,臺企銀,16.0,16.1,15.9,16.0,16.05,12455
2836,高雄銀,12.35,12.45,12.35,12.4,12.35,1037
2836A,高雄銀甲特,23.85,23.9,23.85,23.9,23.849999999999998,6
2838,聯邦銀,19.6,19.75,19.25,19.35,19.5,1438
2838A,聯邦銀甲特,54.5,54.5,54.3,54.5,54.5,15
2845,遠東銀,12.8,12.9,12.75,12.85,12.799999999999999,6358
2849,安泰銀,13.25,13.55,13.2,13.55,13.25,201
2850,新產,121.5,121.5,118.5,118.5,121.5,339
2851,中再保,26.45,26.65,26.1,26.2,26.45,758
2852,第一保,28.2,28.2,27.1,28.05,28.1,1219
2855,統一證,24.15,24.2,23.9,24.0,24.05,1917
2867,三商壽,7.97,8.06,7.78,7.88,7.97,29885
2880,華南金,31.7,31.95,31.35,31.7,31.8,29960
2881,富邦金,97.6,97.6,95.8,96.8,97.3,24121
2881A,富邦特,63.4,63.4,63.3,63.3,63.4,16
2881B,富邦金乙特,61.6,61.8,61.6,61.8,61.8,266
2881C,富邦金丙特,53.5,53.6,53.5,53.5,53.6,19
2882,國泰金,73.7,74.8,72.6,74.4,73.2,55255
2882A,國泰特,60.7,60.7,60.6,60.7,60.7,1413
2882B,國泰金乙特,59.9,60.0,59.9,60.0,60.0,3
2883,凱基金,17.6,17.6,17.25,17.35,17.450000000000003,44604
2883B,凱基金乙特,7.86,7.88,7.85,7.87,7.86,802
2884,玉山金,33.8,34.2,32.9,33.25,33.5,76417
2885,元大金,39.4,39.7,39.1,39.25,39.35,35526
2886,兆豐金,40.35,40.8,40.2,40.4,40.35,35983
2887,台新新光金,21.65,21.7,21.2,21.3,21.25,552105
2887E,台新新光戊特一,49.65,49.95,49.6,49.6,49.65,142
2887G,台新新光庚特一,39.35,39.45,39.35,39.45,39.35,43
2887H,台新新光庚特二,38.8,38.9,38.8,38.9,38.9,23
2887I,台新新光辛特,9.36,9.38,9.34,9.35,9.36,5775
2887Z1,台新新光己特,16.4,16.5,16.35,16.5,16.45,321
2889,國票金,16.6,16.65,16.4,16.4,16.549999999999997,4031
2890,永豐金,29.05,29.2,28.7,28.85,28.900000000000002,37366
2891,中信金,49.9,49.9,48.65,49.35,48.95,75653
2891C,中信金丙特,60.2,60.3,60.2,60.3,60.3,2
2892,第一金,29.5,29.95,29.2,29.4,29.25,129846
2897,王道銀行,9.13,9.19,9.11,9.12,9.149999999999999,1755
2897B,王道銀乙特,11.85,11.85,11.85,11.85,11.85,50
2901,欣欣,25.4,25.8,25.4,25.5,25.1,5
2903,遠百,22.45,22.7,22.25,22.25,22.3,8625
2904,匯僑,17.05,17.1,16.95,17.1,17.05,30
2905,三商,16.7,16.95,16.4,16.45,16.8,1416
2906,高林,12.85,12.85,12.8,12.85,12.85,143
2908,特力,20.3,20.4,20.2,20.4,20.299999999999997,331
2910,統領,21.0,21.0,20.85,20.95,20.8,14
2911,麗嬰房,4.53,4.55,4.53,4.55,4.53,9
2912,統一超,222.0,222.5,220.5,221.5,222.0,2174
2913,農林,13.6,13.8,13.6,13.65,13.6,448
2915,潤泰全,54.9,55.5,54.8,54.9,54.9,1760
2923,鼎固-KY,20.1,20.8,19.8,20.1,20.25,88
2929,淘帝-KY,7.75,8.17,7.72,8.1,7.75,537
2939,永邑-KY,23.65,23.95,23.5,23.95,23.65,15
2945,三商家購,38.0,38.0,37.85,38.0,37.8,9
3002,歐格,26.5,27.6,26.25,26.7,26.45,1537
3003,健和興,47.0,47.45,46.5,47.1,47.5,49
3004,豐達科,96.8,98.0,96.1,98.0,96.8,342
3005,神基,116.5,118.0,116.0,116.5,116.5,1278
3006,晶豪科,82.8,83.8,81.4,81.5,81.7,6024
3008,大立光,2055.0,2055.0,2020.0,2030.0,2040.0,287
3010,華立,116.5,117.5,112.0,117.0,117.5,2138
3011,今皓,13.9,14.55,13.7,13.8,13.8,1902
3013,晟銘電,126.5,127.0,123.0,123.5,127.5,2976
3014,聯陽,115.0,115.5,113.5,114.0,115.0,489
3015,全漢,53.9,55.3,53.2,53.5,53.8,333
3016,嘉晶,54.6,54.6,51.3,51.9,54.6,7166
3017,奇鋐,1330.0,1365.0,1325.0,1360.0,1340.0,1937
3018,隆銘綠能,11.7,11.7,11.7,11.7,11.7,11
3019,亞光,139.0,140.0,136.5,136.5,140.0,2457
3021,鴻名,17.65,17.85,17.6,17.6,17.8,31
3022,威強電,66.3,67.4,66.0,67.0,66.3,475
3023,信邦,202.5,203.0,199.5,200.0,202.5,1650
3024,憶聲,10.8,11.3,10.8,11.25,10.95,813
3025,星通,61.9,62.1,60.3,60.5,61.6,1170
3026,禾伸堂,100.0,101.5,99.8,100.0,100.5,518
3027,盛達,23.0,23.0,22.5,22.55,23.0,271
3028,增你強,38.9,39.15,38.0,38.9,38.949999999999996,1632
3029,零壹,110.5,110.5,109.0,109.5,110.5,449
3030,德律,171.5,172.5,165.5,171.0,172.5,6206
3031,佰鴻,19.95,19.95,19.4,19.5,19.8,296
3032,偉訓,77.7,77.7,75.3,75.6,77.69999999999999,850
3033,威健,30.65,30.8,30.45,30.55,30.650000000000002,580
3034,聯詠,377.0,380.5,376.5,377.5,377.0,1843
3035,智原,169.0,170.5,167.5,168.0,169.0,1649
3036,文曄,146.0,150.5,146.0,147.0,146.0,12395
3036A,文曄甲特,51.4,51.4,51.3,51.4,51.3,125
3037,欣興,209.0,213.0,204.5,207.0,212.0,18715
3038,全台,22.75,23.0,22.7,23.0,23.15,425
3040,遠見,56.7,56.9,56.0,56.1,56.9,88
3041,揚智,25.5,25.5,24.7,24.75,25.3,411
3042,晶技,83.1,83.3,82.3,82.9,82.7,725
3043,科風,21.65,21.65,21.3,21.35,21.8,103
3044,健鼎,306.5,308.5,298.0,299.5,304.5,3979
3045,台灣大,104.5,106.0,104.0,104.5,104.5,15659
3046,建碁,51.4,52.1,50.8,51.8,51.4,161
3047,訊舟,19.35,19.4,18.6,18.6,19.35,4396
3048,益登,38.5,39.65,38.45,38.8,38.699999999999996,2020
3049,精金,8.41,8.41,7.3,7.39,7.92,9447
3050,鈺德,13.55,13.75,13.25,13.45,13.649999999999999,2262
3051,力特,19.0,19.0,18.5,18.5,19.0,375
3052,夆典,11.55,11.7,11.55,11.7,11.549999999999999,902
3054,立萬利,28.0,28.45,27.1,27.3,27.45,94
3055,蔚華科,78.0,78.0,73.6,74.2,77.4,886
3056,富華新,18.15,18.2,17.9,17.95,18.099999999999998,769
3057,喬鼎,15.6,17.35,15.55,17.35,15.8,1345
3058,立德,10.8,10.9,10.6,10.65,10.8,251
3059,華晶科,41.1,41.2,40.25,40.25,41.2,1950
3060,銘異,31.6,34.95,31.6,34.95,31.800000000000004,21903
3062,建漢,24.3,24.45,23.85,23.85,24.5,1592
3090,日電貿,94.9,97.5,93.6,93.6,95.89999999999999,4869
3092,鴻碩,15.9,16.3,15.8,15.95,15.899999999999999,281
3094,聯傑,24.15,24.3,23.85,24.0,24.15,63
3130,一零四,223.5,225.0,223.0,225.0,223.5,16
3135,凌航,65.0,67.8,63.9,63.9,65.3,1680
3138,耀登,109.5,111.5,105.0,106.0,107.5,2342
3149,正達,34.5,34.5,33.4,33.4,34.15,812
3150,鈺寶-創,19.4,19.4,19.3,19.3,19.5,7
3164,景岳,18.05,18.3,18.05,18.3,18.150000000000002,7
3167,大量,220.0,221.0,214.0,214.5,220.5,3451
3168,眾福科,42.7,43.6,42.35,43.6,42.85,9
3189,景碩,134.5,137.0,131.0,132.0,136.0,9314
3209,全科,31.85,32.05,31.65,31.8,31.55,222
3229,晟鈦,25.55,25.6,24.35,25.15,26.95,704
3231,緯創,138.5,141.0,138.0,139.5,138.0,23188
3257,虹冠電,63.0,63.2,62.0,62.1,62.800000000000004,196
3266,昇陽,13.8,14.1,13.8,13.85,13.65,67
3296,勝德,24.0,24.9,23.95,24.4,24.049999999999997,146
3305,昇貿,108.5,109.0,102.0,102.0,109.0,11247
3308,聯德,15.9,16.05,15.85,16.05,15.850000000000001,76
3311,閎暉,30.9,30.9,30.5,30.65,30.9,51
3312,弘憶股,36.1,36.1,35.15,35.35,35.800000000000004,439
3321,同泰,17.9,17.9,16.85,16.9,17.75,691
3338,泰碩,49.3,49.7,48.75,48.75,49.3,227
3346,麗清,18.9,19.0,18.7,18.75,18.9,115
3356,奇偶,45.2,45.2,44.8,44.9,45.25,160
3376,新日興,206.0,208.0,204.0,205.5,206.0,1346
3380,明泰,31.85,31.9,31.05,31.2,31.8,1153
3406,玉晶光,418.0,419.0,413.0,417.5,417.5,1035
3413,京鼎,285.5,286.0,282.0,283.5,286.5,869
3416,融程電,149.0,149.0,147.0,148.5,149.5,63
3419,譁裕,13.2,13.45,13.0,13.3,13.200000000000001,160
3432,台端,13.7,14.2,13.7,14.2,14.2,11
3437,榮創,14.4,14.45,14.2,14.2,14.45,127
3443,創意,2000.0,2030.0,1970.0,2020.0,2010.0,1884
3447,展達,47.6,47.6,46.55,46.6,47.7,204
3450,聯鈞,245.0,249.0,240.0,241.0,247.5,5864
3454,晶睿,98.8,98.8,98.7,98.7,98.7,180
3481,群創,12.6,12.7,12.4,12.4,12.65,42446
3494,誠研,8.29,8.38,8.1,8.25,8.42,129
3501,維熹,48.6,48.85,48.3,48.8,48.599999999999994,74
3504,揚明光,51.4,51.8,50.6,50.9,51.5,130
3515,華擎,243.0,248.0,242.5,248.0,243.5,641
3518,柏騰,20.25,20.45,20.05,20.2,20.2,53
3528,安馳,67.3,68.2,67.3,67.4,68.0,17
3530,晶相光,72.0,73.7,70.9,71.9,72.0,278
3532,台勝科,94.8,95.2,90.0,90.1,95.1,6783
3533,嘉澤,1305.0,1315.0,1280.0,1285.0,1315.0,919
3535,晶彩科,89.3,91.5,87.5,87.5,90.3,5043
3543,州巧,42.95,43.4,41.7,41.7,43.1,1318
3545,敦泰,51.5,52.2,50.3,50.4,51.3,827
3550,聯穎,14.05,14.3,13.2,13.25,13.8,3185
3557,嘉威,36.1,36.5,35.6,35.75,35.8,30
3563,牧德,484.5,494.5,478.0,494.5,485.0,761
3576,聯合再生,7.99,7.99,7.56,7.56,8.379999999999999,24909
3583,辛耘,321.5,323.0,318.5,319.0,325.0,233
3588,通嘉,48.8,48.8,47.5,47.6,48.800000000000004,112
3591,艾笛森,18.8,19.0,18.6,18.9,18.95,210
3592,瑞鼎,234.0,234.0,224.0,226.5,234.0,1895
3596,智易,179.5,180.0,177.5,177.5,179.5,575
3605,宏致,60.7,61.0,59.5,59.6,60.800000000000004,1106
3607,谷崧,14.45,14.45,14.15,14.15,14.35,349
3617,碩天,196.5,202.5,196.0,200.0,198.0,314
3622,洋華,66.2,66.2,64.4,64.9,66.2,535
3645,達邁,53.9,53.9,52.7,52.8,54.0,680
3652,精聯,28.45,28.6,28.4,28.6,28.400000000000002,16
3653,健策,2680.0,2730.0,2655.0,2655.0,2705.0,1124
3661,世芯-KY,3195.0,3240.0,3115.0,3170.0,3200.0,1814
3665,貿聯-KY,1430.0,1465.0,1425.0,1440.0,1435.0,2470
3669,圓展,29.1,29.1,28.9,28.95,29.099999999999998,13
3673,TPK-KY,41.4,41.6,40.7,40.95,41.400000000000006,1371
3679,新至陞,114.5,114.5,113.5,113.5,115.0,7
3686,達能,18.5,18.5,17.95,18.0,18.5,192
3694,海華,57.7,57.9,57.0,57.0,58.2,542
3701,大眾控,39.0,39.35,35.7,35.9,39.5,2155
3702,大聯大,59.9,60.7,59.4,59.7,59.800000000000004,16807
3703,欣陸,22.7,22.9,22.7,22.8,22.6,629
3704,合勤控,32.1,32.25,31.5,31.5,32.1,1752
3705,永信,56.4,57.7,56.4,57.3,56.3,688
3706,神達,80.0,80.4,79.3,80.0,80.7,9655
3708,上緯投控,109.0,109.0,104.5,105.5,107.5,641
3711,日月光投控,223.0,224.5,219.5,222.0,228.5,16464
3712,永崴投控,25.2,25.5,24.8,24.95,25.25,561
3714,富采,32.3,32.35,31.7,31.8,32.35,1326
3715,定穎投控,113.5,114.0,111.5,112.5,114.0,7269
3716,中化控股,33.8,33.8,33.55,33.6,33.6,28
3717,聯嘉投控,16.95,17.05,16.85,16.9,17.099999999999998,291
4104,佳醫,81.5,81.9,81.1,81.4,81.10000000000001,72
4106,雃博,22.25,22.25,22.05,22.05,22.25,13
4108,懷特,13.8,13.85,13.7,13.85,13.75,59
4119,旭富,48.2,48.55,48.1,48.25,48.1,67
4133,亞諾法,22.85,23.0,22.8,22.8,22.900000000000002,21
4137,麗豐-KY,98.1,99.1,97.9,98.5,98.4,27
4142,國光生,19.2,19.25,18.95,19.1,19.150000000000002,951
4148,全宇生技-KY,38.15,38.85,38.0,38.5,38.15,36
4155,訊映,14.85,15.0,14.85,15.0,14.95,27
4164,承業醫,38.5,39.8,38.35,39.3,38.349999999999994,974
4190,佐登-KY,30.1,30.25,30.0,30.1,30.150000000000002,40
4306,炎洲,14.15,14.4,14.15,14.25,14.15,775
4414,如興,11.6,11.8,11.35,11.5,11.65,622
4426,利勤,9.75,9.76,9.65,9.7,9.729999999999999,75
4438,廣越,77.2,79.2,77.2,77.7,77.9,34
4439,冠星-KY,102.5,102.5,101.5,101.5,103.5,31
4440,宜新實業,17.6,18.3,17.05,17.1,17.85,350
4441,振大環球,236.0,240.0,233.5,235.5,235.5,53
4526,東台,29.3,29.3,28.55,28.65,29.4,1151
4532,瑞智,24.25,24.4,24.0,24.0,24.25,622
4536,拓凱,161.5,161.5,159.5,160.0,161.5,257
4540,全球傳動,34.6,34.6,33.8,33.9,34.6,407
4545,銘鈺,36.35,39.9,36.05,39.9,36.3,3847
4551,智伸科,115.5,115.5,112.0,113.5,115.5,171
4552,力達-KY,23.3,24.0,23.3,23.95,23.349999999999998,283
4555,氣立,38.65,39.2,38.2,38.2,38.85,118
4557,永新-KY,77.1,78.0,77.1,77.6,77.69999999999999,56
4560,強信-KY,32.75,32.75,32.4,32.6,32.7,63
4562,穎漢,36.0,36.0,35.25,35.4,36.0,256
4564,元翎,16.95,17.1,16.7,17.0,16.95,238
4566,時碩工業,57.1,57.1,56.0,56.1,57.1,303
4569,六方科-KY,166.0,170.0,159.5,159.5,162.0,465
4571,鈞興-KY,160.0,160.0,157.5,158.0,160.0,158
4572,駐龍,151.5,151.5,150.0,151.0,151.5,36
4576,大銀微系統,105.5,106.0,103.5,103.5,106.0,209
4581,光隆精密-KY,51.2,51.3,51.1,51.1,51.300000000000004,16
4583,台灣精銳,630.0,634.0,624.0,628.0,635.0,52
4585,達明,305.0,313.0,305.0,306.0,316.0,222
4588,玖鼎電力,62.6,62.8,61.8,61.8,62.599999999999994,14
4720,德淵,14.2,14.35,13.95,14.1,14.299999999999999,164
4722,國精化,160.0,167.0,159.0,159.0,162.5,2525
4736,泰博,123.0,123.0,122.0,122.0,122.0,110
4737,華廣,58.0,59.5,58.0,59.0,58.0,126
4739,康普,66.6,68.2,66.2,67.6,67.6,529
4746,台耀,60.2,61.2,60.1,60.3,60.199999999999996,281
4755,三福化,99.3,102.5,99.1,102.5,99.2,116
4763,材料*-KY,52.3,55.6,52.0,54.6,52.9,18066
4764,雙鍵,106.0,109.0,101.5,106.0,107.5,9709
4766,南寶,320.0,321.5,316.5,319.5,318.0,166
4770,上品,235.0,237.5,232.5,234.0,237.0,170
4771,望隼,176.0,176.5,175.5,176.0,176.5,26
4807,日成-KY,17.75,17.85,17.75,17.75,17.75,6
4904,遠傳,88.3,88.8,87.6,87.6,87.69999999999999,3317
4906,正文,28.2,28.3,27.7,27.7,28.45,4612
4912,聯德控股-KY,83.5,83.5,82.0,82.4,83.5,99
4915,致伸,76.9,76.9,75.5,75.5,76.9,3016
4916,事欣科,54.1,54.4,53.3,54.0,54.5,3642
4919,新唐,50.6,50.8,49.95,50.2,50.6,2208
4927,泰鼎-KY,30.15,31.8,29.8,31.45,30.15,16755
4930,燦星網,21.5,22.2,21.5,22.0,21.8,18
4934,太極,13.8,14.0,13.45,13.85,14.0,566
4935,茂林-KY,40.65,41.45,40.65,40.9,40.699999999999996,24
4938,和碩,69.0,69.1,68.2,68.3,69.2,9238
4942,嘉彰,39.1,39.2,39.0,39.15,39.1,47
4943,康控-KY,13.15,13.15,12.55,12.6,13.2,41
4949,有成精密,38.25,38.25,36.9,36.9,38.3,173
4952,凌通,35.9,36.1,35.55,35.55,35.9,45
4956,光鋐,21.05,21.05,20.4,20.45,20.95,1014
4958,臻鼎-KY,139.0,139.0,137.5,138.5,140.0,4007
4960,誠美材,13.7,13.7,13.55,13.55,13.600000000000001,427
4961,天鈺,147.5,149.0,144.0,146.0,148.5,1381
4967,十銓,149.0,150.5,137.5,137.5,145.0,37922
4968,立積,129.5,129.5,127.0,127.0,129.5,617
4976,佳凌,30.55,30.55,29.85,30.05,30.55,377
4977,眾達-KY,134.0,136.5,132.0,132.5,136.0,3645
4989,榮科,39.45,40.5,39.45,39.8,39.65,2778
4994,傳奇,94.6,95.2,94.6,94.8,95.1,5
4999,鑫禾,23.15,23.35,22.95,23.35,23.1,32
5007,三星,55.7,55.8,55.3,55.8,55.3,39
5203,訊連,89.4,90.2,89.2,89.7,89.4,118
5215,科嘉-KY,35.6,35.6,34.6,34.7,35.2,14
5222,全訊,127.5,127.5,126.0,126.5,127.5,205
5225,東科-KY,98.9,99.0,97.8,98.5,98.4,175
5234,達興材料,317.0,323.5,314.0,316.0,318.5,529
5243,乙盛-KY,80.4,81.2,79.0,79.2,80.7,1414
5244,弘凱,40.35,40.35,39.5,39.5,40.35,191
5258,虹堡,74.2,74.2,72.5,73.7,74.10000000000001,210
5269,祥碩,1180.0,1180.0,1160.0,1165.0,1180.0,274
5283,禾聯碩,61.6,62.0,61.2,62.0,61.7,92
5284,jpp-KY,286.0,286.5,281.5,281.5,288.0,1106
5285,界霖,48.8,49.1,48.3,48.95,48.95,61
5288,豐祥-KY,129.0,132.0,128.5,130.0,129.5,48
5292,華懋,145.0,145.5,144.5,145.5,144.5,15
5306,桂盟,87.6,88.5,87.3,88.1,87.89999999999999,33
5388,中磊,80.8,81.1,80.0,80.7,80.10000000000001,740
5434,崇越,297.0,297.0,292.0,292.0,300.5,654
5469,瀚宇博,93.8,93.9,92.0,92.5,94.1,4747
5471,松翰,33.0,33.15,32.7,32.8,33.199999999999996,160
5484,慧友,37.9,38.0,37.3,37.3,38.0,110
5515,建國,35.75,35.8,34.55,35.05,35.5,1195
5519,隆大,32.7,33.1,32.55,32.9,32.699999999999996,414
5521,工信,21.8,21.8,20.75,21.0,21.95,5586
5522,遠雄,75.7,78.9,74.2,78.8,71.8,16548
5525,順天,28.4,28.5,28.3,28.4,28.349999999999998,43
5531,鄉林,9.13,9.2,9.11,9.16,9.13,372
5533,皇鼎,14.35,14.35,14.2,14.2,14.2,81
5534,長虹,82.0,84.0,82.0,83.6,81.8,2003
5538,東明-KY,28.8,29.8,28.8,29.8,29.0,47
5546,永固-KY,22.55,22.55,22.05,22.05,22.5,12
5607,遠雄港,48.6,49.2,47.8,47.9,48.6,246
5608,四維航,18.3,18.3,17.85,17.85,18.25,1671
5706,鳳凰,50.3,50.4,50.0,50.1,50.300000000000004,57
5871,中租-KY,103.5,107.0,103.5,106.5,103.5,10837
5871A,中租-KY甲特,101.0,101.5,101.0,101.5,101.5,106
5876,上海商銀,40.3,40.5,39.95,40.05,40.349999999999994,8694
5880,合庫金,24.6,24.75,24.4,24.7,24.75,10983
5907,大洋-KY,5.59,5.75,5.55,5.74,5.6000000000000005,486
6005,群益證,24.3,24.8,24.25,24.75,24.15,14393
6024,群益期,51.2,51.3,50.9,51.2,51.400000000000006,179
6108,競國,14.0,14.7,14.0,14.7,14.2,322
6112,邁達特,46.05,46.45,45.55,45.6,46.050000000000004,202
6115,鎰勝,47.1,47.45,47.0,47.45,46.95,64
6116,彩晶,7.59,7.61,7.37,7.39,7.59,6524
6117,迎廣,79.3,79.3,77.8,77.8,78.7,268
6120,達運,13.4,14.1,13.0,13.0,13.0,8947
6128,上福,22.8,22.8,22.65,22.65,22.799999999999997,58
6133,金橋,21.4,21.4,20.35,20.55,21.3,3995
6136,富爾特,23.9,24.15,23.9,24.05,23.900000000000002,825
6139,亞翔,587.0,593.0,568.0,584.0,589.0,5156
6141,柏承,11.1,11.1,11.0,11.05,11.100000000000001,30
6142,友勁,9.42,9.49,9.32,9.39,9.43,248
6152,百一,10.0,10.0,9.65,9.78,10.299999999999999,2087
6153,嘉聯益,14.9,15.25,14.9,14.95,14.95,2091
6155,鈞寶,45.25,46.45,43.35,43.65,45.3,15221
6164,華興,13.9,14.2,12.1,12.45,13.299999999999999,14089
6165,浪凡,45.95,46.0,45.1,45.3,45.65,248
6166,凌華,66.4,66.7,65.3,65.8,66.1,487
6168,宏齊,20.0,20.0,19.45,19.45,19.849999999999998,293
6176,瑞儀,115.5,118.0,115.5,117.5,115.0,3535
6177,達麗,48.8,49.95,48.55,49.0,48.6,1720
6183,關貿,95.9,96.3,95.4,96.0,95.0,9
6184,大豐電,48.9,49.1,48.9,49.0,49.1,20
6189,豐藝,44.5,45.15,44.35,45.15,44.5,309
6191,精成科,116.5,117.5,114.5,114.5,117.5,5273
6192,巨路,103.5,104.5,103.0,104.0,103.0,97
6196,帆宣,261.0,262.0,256.0,257.5,260.5,3227
6197,佳必琪,130.0,132.0,130.0,131.5,131.0,400
6201,亞弘電,56.3,57.3,56.3,57.3,55.9,16
6202,盛群,38.0,38.0,37.25,37.3,38.099999999999994,458
6205,詮欣,39.0,39.0,38.45,38.5,39.05,75
6206,飛捷,90.4,90.4,89.3,90.1,90.5,282
6209,今國光,61.6,61.6,59.1,59.6,61.7,8609
6213,聯茂,107.5,108.0,105.5,106.5,108.0,2854
6214,精誠,118.0,118.5,116.0,118.0,118.0,529
6215,和椿,104.0,104.0,101.5,102.0,103.0,353
6216,居易,26.9,27.0,26.4,26.65,26.599999999999998,70
6224,聚鼎,42.9,42.9,41.55,41.55,42.55,74
6226,光鼎,7.36,7.49,7.32,7.35,7.64,371
6230,尼得科超眾,113.0,113.0,111.0,112.0,113.5,33
6235,華孚,59.6,59.6,58.3,58.4,59.0,394
6239,力成,164.5,165.0,160.0,161.5,162.0,10915
6243,迅杰,34.75,35.05,34.0,34.1,35.1,476
6257,矽格,96.2,96.7,95.1,95.1,96.5,5812
6269,台郡,55.5,56.1,54.9,55.1,55.5,651
6271,同欣電,123.0,127.0,122.5,122.5,122.5,2602
6277,宏正,61.9,62.4,61.6,61.8,61.599999999999994,28
6278,台表科,96.0,97.3,96.0,96.9,96.2,1176
6281,全國電,62.7,62.7,62.4,62.4,62.699999999999996,26
6282,康舒,40.5,42.15,39.85,40.95,40.900000000000006,20885
6283,淳安,24.9,25.2,24.75,24.8,24.900000000000002,170
6285,啟碁,100.5,101.0,99.3,99.5,101.0,3422
6405,悅城,25.0,25.25,24.8,24.8,25.05,92
6409,旭隼,974.0,974.0,958.0,965.0,974.0,457
6412,群電,87.2,88.8,86.4,88.0,87.5,407
6414,樺漢,293.5,297.0,289.5,296.5,293.5,1250
6415,矽力*-KY,203.0,204.0,196.5,196.5,203.0,2125
6416,瑞祺電通,84.9,85.1,83.4,83.4,84.80000000000001,140
6423,億而得-創,71.7,71.7,71.7,71.7,71.5,1
6426,統新,101.0,101.5,93.5,96.1,102.0,4023
6431,光麗-KY,28.75,30.45,28.15,30.45,29.95,595
6438,迅得,137.0,137.0,134.5,135.5,137.5,279
6442,光聖,1205.0,1230.0,1105.0,1110.0,1215.0,4922
6443,元晶,22.6,22.9,21.55,21.6,23.1,22455
6446,藥華藥,502.0,506.0,495.5,495.5,502.0,1227
6449,鈺邦,160.0,170.0,159.5,161.5,160.5,956
6451,訊芯-KY,157.0,159.5,154.0,154.0,158.0,778
6456,GIS-KY,43.1,44.3,42.8,43.1,43.6,876
6464,台數科,76.7,77.8,76.5,76.5,76.0,10
6472,保瑞,491.5,493.0,487.0,491.0,491.5,430
6477,安集,34.4,34.4,33.55,33.8,34.8,867
6491,晶碩,280.0,280.5,277.5,278.0,280.0,157
6504,南六,41.75,42.6,41.75,42.1,41.45,12
6505,台塑化,48.7,49.0,47.75,47.85,48.25,4076
6515,穎崴,2570.0,2630.0,2545.0,2560.0,2570.0,632
6525,捷敏-KY,74.3,74.7,73.9,74.0,74.8,132
6526,達發,429.0,433.0,426.0,426.0,434.0,254
6531,愛普*,378.0,383.0,377.0,378.0,378.0,920
6533,晶心科,246.0,246.5,243.5,243.5,249.5,300
6534,正瀚-創,87.3,88.1,86.7,87.7,86.4,31
6541,泰福-KY,60.5,61.3,59.8,61.3,60.0,601
6550,北極星藥業-KY,32.05,32.05,31.0,31.1,32.15,815
6552,易華電,24.5,25.0,24.5,24.9,24.9,40
6558,興能高,38.25,41.55,38.25,41.55,37.8,6480
6573,虹揚-KY,15.0,15.5,14.8,15.0,15.1,283
6579,研揚,105.0,105.5,104.5,105.0,105.0,82
6581,鋼聯,108.5,109.0,106.0,106.0,105.5,7
6582,申豐,33.5,33.5,33.25,33.45,33.650000000000006,18
6585,鼎基,88.9,90.0,88.8,90.0,90.0,36
6589,台康生技,63.5,64.0,62.6,63.2,63.1,580
6591,動力-KY,77.2,77.2,75.9,76.1,77.0,205
6592,和潤企業,61.1,61.9,61.0,61.4,61.1,324
6592B,和潤企業乙特,97.5,97.7,97.5,97.7,97.5,9
6598,ABC-KY,21.1,21.25,21.1,21.25,21.1,22
6605,帝寶,142.5,145.0,141.5,142.0,142.0,1387
6606,建德工業,25.0,25.15,25.0,25.0,25.1,20
6614,資拓宏宇,49.1,49.1,48.1,48.2,48.1,81
6625,必應,79.2,79.5,78.6,79.0,79.1,74
6641,基士德-KY,19.15,19.2,19.1,19.2,19.2,10
6645,金萬林-創,18.0,18.1,17.65,17.65,17.95,31
6655,科定,117.5,118.5,116.0,117.5,115.5,16
6657,華安,41.75,42.5,41.2,42.4,41.9,121
6658,聯策,49.0,49.9,48.0,48.1,49.2,109
6666,羅麗芬-KY,45.2,45.2,45.2,45.2,45.2,2
6668,中揚光,38.0,38.0,37.1,37.3,38.0,236
6669,緯穎,4135.0,4205.0,4080.0,4175.0,4175.0,1078
6670,復盛應用,257.0,257.0,252.5,254.0,257.5,779
6671,三能-KY,35.6,35.85,35.6,35.85,35.65,17
6672,騰輝電子-KY,90.6,90.6,87.8,88.0,89.5,294
6674,鋐寶科技,19.95,19.95,19.8,19.8,19.8,3
6689,伊雲谷,60.9,61.3,60.5,60.8,61.3,120
6691,洋基工程,602.0,605.0,583.0,593.0,602.0,1256
6695,芯鼎,45.1,45.1,44.2,44.55,45.4,298
6698,旭暉應材,28.2,28.65,28.05,28.65,28.4,85
6706,惠特,107.0,118.0,101.5,110.5,108.0,16062
6715,嘉基,100.0,101.0,100.0,101.0,101.0,8
6719,力智,198.0,199.5,197.0,197.0,198.0,147
6742,澤米,46.55,46.7,46.0,46.0,46.6,84
6743,安普新,27.8,27.8,27.45,27.75,27.8,69
6753,龍德造船,126.0,127.0,125.0,127.0,125.5,671
6754,匯僑設計,46.9,48.0,46.9,47.0,46.9,22
6756,威鋒電子,82.6,82.6,79.8,80.5,82.6,140
6757,台灣虎航,66.4,68.0,64.3,66.7,66.2,5019
6768,志強-KY,112.5,113.0,110.5,111.5,112.0,526
6770,力積電,34.75,35.9,34.7,35.5,34.8,221716
6771,平和環保-創,44.65,44.7,44.25,44.35,44.4,13
6776,展碁國際,48.8,49.05,48.7,48.9,48.85,40
6781,AES-KY,1295.0,1325.0,1280.0,1280.0,1300.0,1135
6782,視陽,175.0,175.5,174.0,174.5,174.5,57
6789,采鈺,259.5,262.5,255.0,257.0,261.0,897
6790,永豐實,38.75,38.85,38.65,38.75,38.6,69
6792,詠業,49.85,49.9,49.25,49.35,49.9,11
6794,向榮生技,80.0,80.0,78.1,79.5,79.7,40
6796,晉弘,97.6,97.8,96.0,96.0,96.7,47
6799,來頡,85.7,85.7,82.4,83.9,85.60000000000001,175
6805,富世達,1430.0,1475.0,1425.0,1450.0,1450.0,1111
6806,森崴能源,38.4,38.4,37.5,37.8,38.3,712
6830,汎銓,169.5,172.0,166.5,169.5,170.0,423
6831,邁科,242.0,248.5,238.0,239.5,247.0,1027
6834,天二科技,27.4,28.5,27.25,27.9,27.4,146
6835,圓裕,39.0,39.6,38.85,39.0,38.85,53
6838,台新藥,26.95,27.0,26.7,26.7,27.0,132
6854,錼創科技-KY創,131.0,131.0,128.5,129.0,131.0,155
6861,睿生光電,57.8,58.5,57.3,57.6,58.1,54
6862,三集瑞-KY,158.0,160.5,157.0,158.0,160.0,121
6863,永道-KY,113.0,113.0,110.0,110.5,112.5,123
6869,雲豹能源,92.6,93.7,92.0,92.1,92.89999999999999,434
6873,泓德能源,98.4,99.1,97.6,98.1,98.5,215
6885,全福生技,29.6,29.6,29.2,29.25,29.6,165
6887,寶綠特-KY,60.6,62.5,60.6,62.5,62.4,8
6890,來億-KY,243.0,248.0,240.5,243.5,243.0,612
6901,鑽石投資,16.4,16.45,16.2,16.35,16.35,242
6902,GOGOLOOK,76.1,78.0,76.1,76.3,76.0,10
6906,現觀科,82.1,83.6,82.0,83.1,82.0,25
6909,創控,35.6,35.6,35.2,35.2,35.0,85
6914,阜爾運通,144.0,146.0,143.0,145.5,143.0,73
6916,華凌,20.5,20.7,19.2,19.2,21.3,1222
6918,愛派司,87.6,88.1,87.1,87.1,88.0,11
6919,康霈*,151.5,153.0,149.0,151.0,154.0,5353
6923,中台,98.4,98.9,96.4,97.2,98.60000000000001,638
6924,榮惠-KY創,65.0,65.0,65.0,65.0,65.9,1
6928,攸泰科技,50.0,51.4,50.0,50.2,50.300000000000004,42
6931,青松健康,63.1,64.2,63.1,63.4,63.6,73
6933,AMAX-KY,147.0,147.5,144.0,145.5,149.0,118
6936,永鴻生技,36.65,36.7,36.2,36.4,36.6,57
6937,天虹,212.0,212.5,207.5,211.5,213.5,175
6944,兆聯實業,705.0,707.0,675.0,683.0,706.0,1634
6949,沛爾生醫-創,377.5,381.0,370.0,373.0,381.0,116
6951,青新-創,71.9,71.9,71.8,71.8,71.89999999999999,5
6952,大武山,43.35,44.05,43.3,43.5,43.15,35
6957,裕慶-KY,197.0,200.5,197.0,199.0,199.0,86
6958,日盛台駿,15.4,16.05,15.4,15.95,15.5,38
6962,奕力-KY,39.7,39.7,39.1,39.15,39.65,1498
6965,中傑-KY,84.7,85.5,83.7,84.2,84.4,37
6969,成信實業*-創,30.3,30.3,29.8,29.9,30.5,51
6988,威力暘-創,12.5,13.55,12.5,13.1,12.35,58
6994,富威電力,97.0,97.0,95.1,95.1,97.0,74
7610,聯友金屬-創,111.0,112.5,110.5,111.5,112.5,136
7631,聚賢研發-創,131.5,134.0,131.5,134.0,135.0,9
7705,三商餐飲,39.95,40.1,39.95,39.95,39.95,46
7711,永擎,265.0,265.0,262.0,262.0,265.5,125
7721,微程式,49.9,51.5,49.9,51.5,51.0,24
7722,LINEPAY,558.0,558.0,550.0,555.0,557.0,16
7730,暉盛-創,83.8,85.0,83.8,85.0,84.0,14
7732,金興精密,40.2,41.95,40.2,41.5,41.35,48
7736,虎山,89.9,92.5,89.9,89.9,89.7,22
7740,熙特爾-創,147.5,147.5,141.5,145.0,149.0,76
7749,意騰-KY,410.0,420.5,408.5,411.0,415.5,97
7750,新代,835.0,848.0,830.0,845.0,850.0,72
7765,中華資安,268.0,269.0,267.0,269.0,269.0,26
7769,鴻勁,3220.0,3310.0,3180.0,3300.0,3270.0,877
7780,大研生醫,162.5,162.5,160.0,161.5,162.5,135
7786,東方風能,161.0,161.0,158.5,159.5,160.0,102
7788,松川精密,135.0,136.5,128.0,134.0,132.0,359
7791,皇家可口,71.1,71.8,71.1,71.6,71.5,37
7799,禾榮科,531.0,541.0,525.0,529.0,539.0,216
8011,台通,23.2,23.3,22.65,22.8,23.150000000000002,756
8016,矽創,180.0,182.5,178.5,182.5,181.0,392
8021,尖點,159.0,162.0,156.0,162.0,160.5,12676
8028,昇陽半導體,164.5,167.0,163.0,165.5,164.0,3501
8033,雷虎,140.5,142.0,140.0,142.0,140.0,1311
8039,台虹,92.5,92.7,88.0,88.8,92.89999999999999,18046
8045,達運光電,79.1,79.4,77.7,77.7,79.7,86
8046,南電,241.5,245.0,232.0,234.5,243.5,11204
8070,長華*,43.9,44.35,43.7,43.9,43.9,1416
8072,陞泰,29.65,29.7,29.3,29.4,29.65,102
8081,致新,208.5,208.5,206.0,206.0,208.5,328
8101,華冠,15.85,15.85,15.85,15.85,15.85,274
8103,瀚荃,85.4,87.0,84.7,86.2,86.0,1257
8104,錸寶,32.8,33.3,32.05,32.5,33.45,1046
8105,凌巨,11.15,11.25,11.05,11.05,11.15,540
8110,華東,50.6,53.0,50.6,51.6,51.300000000000004,4929
8112,至上,72.3,73.1,70.1,70.9,72.30000000000001,16467
8112A,至上甲特,43.95,43.95,43.95,43.95,43.900000000000006,2
8114,振樺電,173.0,173.0,170.0,171.0,173.5,263
8131,福懋科,46.3,47.7,46.3,46.6,45.75,9269
8150,南茂,45.3,46.0,44.65,44.7,44.75,13806
8162,微矽電子-創,33.85,33.9,33.5,33.55,33.849999999999994,35
8163,達方,30.35,30.75,30.35,30.6,30.35,247
8201,無敵,14.1,14.1,13.6,13.8,14.100000000000001,111
8210,勤誠,892.0,900.0,872.0,886.0,894.0,1454
8213,志超,32.4,33.05,32.4,32.85,32.75,316
8215,明基材,19.15,19.15,18.9,19.0,19.15,338
8222,寶一,40.0,40.5,39.8,40.0,40.2,185
8249,菱光,50.8,50.8,49.7,50.1,50.5,525
8261,富鼎,90.8,90.8,89.3,89.8,90.6,950
8271,宇瞻,94.5,96.6,92.5,93.7,93.0,10736
8341,日友,78.3,78.8,78.0,78.4,78.4,69
8367,建新國際,43.9,44.0,43.7,43.7,43.800000000000004,36
8374,羅昇,77.4,77.4,75.7,76.0,77.4,189
8404,百和興業-KY,24.05,24.35,24.05,24.15,24.049999999999997,321
8411,福貞-KY,12.1,12.15,11.95,12.15,12.05,37
8422,可寧衛*,24.55,24.95,24.2,24.6,24.700000000000003,33488
8429,金麗-KY,7.63,7.63,7.53,7.62,7.54,70
8438,昶昕,29.8,29.8,29.35,29.5,29.5,35
8442,威宏-KY,67.7,69.1,67.7,68.8,67.8,10
8443,阿瘦,11.1,11.15,11.1,11.15,11.15,968
8454,富邦媒,210.5,212.5,209.5,209.5,210.5,315
8462,柏文,148.5,148.5,145.5,147.5,148.0,88
8463,潤泰材,27.15,27.4,27.1,27.15,27.0,35
8464,億豐,371.0,380.0,371.0,377.0,371.0,586
8466,美吉吉-KY,22.05,22.3,22.05,22.15,22.049999999999997,5
8467,波力-KY,159.0,160.0,155.5,155.5,158.0,104
8473,山林水,35.55,35.55,35.1,35.2,35.2,67
8476,台境*,18.65,18.65,18.35,18.35,18.650000000000002,57
8478,東哥遊艇,194.0,197.5,194.0,196.0,194.0,195
8481,政伸,40.45,40.8,40.45,40.5,40.5,28
8482,商億-KY,48.15,48.15,48.0,48.1,48.45,24
8487,愛爾達-創,78.3,78.3,78.3,78.3,78.39999999999999,5
8488,吉源-KY,10.0,10.0,9.84,9.95,10.049999999999999,5
8499,鼎炫-KY,378.5,398.0,378.5,395.0,384.5,219
8926,台汽電,40.2,40.4,39.9,40.2,40.2,885
8940,新天地,20.2,20.4,20.1,20.35,20.200000000000003,20
8996,高力,495.0,497.0,477.0,478.0,496.5,701
9103,美德醫療-DR,4.6,4.65,4.59,4.6,4.59,151
910322,康師傅-DR,23.1,23.6,23.1,23.6,23.6,32
9105,泰金寶-DR,5.84,5.85,5.76,5.78,5.86,8534
910861,神州-DR,5.32,5.32,5.32,5.32,5.300000000000001,1
9110,越南控-DR,3.21,3.21,3.21,3.21,3.21,2
911608,明輝-DR,2.75,2.84,2.75,2.75,2.75,12
911622,泰聚亨-DR,3.93,3.93,3.8,3.9,3.9299999999999997,65
911868,同方友友-DR,1.34,1.34,1.32,1.33,1.34,143
912000,晨訊科-DR,2.73,2.75,2.72,2.74,2.7300000000000004,150
9136,巨騰-DR,7.0,7.12,7.0,7.09,7.02,172
9802,鈺齊-KY,106.0,107.0,106.0,106.5,106.5,316
9902,台火,17.95,17.95,17.45,17.55,17.650000000000002,176
9904,寶成,31.05,31.15,30.75,30.9,31.2,7707
9905,大華,20.0,20.0,19.95,19.95,19.95,25
9906,欣巴巴,50.5,51.4,49.9,50.7,50.800000000000004,60
9907,統一實,17.95,18.3,17.95,18.05,17.900000000000002,7732
9908,大台北,30.0,30.05,29.9,30.0,29.95,116
9910,豐泰,120.5,123.0,120.0,121.0,120.5,555
9911,櫻花,83.8,83.8,83.0,83.0,83.0,116
9912,偉聯,12.45,12.5,12.2,12.45,12.45,59
9914,美利達,83.5,86.2,82.9,84.6,83.39999999999999,1996
9917,中保科,106.5,107.0,106.0,106.0,106.5,781
9918,欣天然,39.3,39.7,39.3,39.7,39.550000000000004,109
9919,康那香,16.7,16.75,16.6,16.65,16.7,102
9921,巨大,92.3,94.9,92.0,94.0,93.0,791
9924,福興,53.5,53.5,52.9,53.0,53.5,58
9925,新保,40.7,40.75,40.65,40.65,40.699999999999996,114
9926,新海,49.8,50.0,49.45,49.45,49.400000000000006,12
9927,泰銘,67.8,68.1,67.6,68.0,67.9,49
9928,中視,20.7,20.95,20.15,20.9,20.7,266
9929,秋雨,10.7,10.7,10.7,10.7,10.299999999999999,1
9930,中聯資源,70.6,70.9,70.3,70.3,70.6,38
9931,欣高,34.45,34.45,34.2,34.2,34.0,2
9933,中鼎,31.7,31.7,31.2,31.4,31.45,1343
9934,成霖,9.93,9.94,9.89,9.89,9.93,230
9935,慶豐富,20.65,20.65,20.4,20.55,20.650000000000002,103
9937,全國,59.8,61.0,59.0,59.5,58.3,127
9938,百和,51.8,52.4,51.8,51.8,51.8,816
9939,宏全,118.0,119.0,116.5,117.5,118.0,998
9940,信義,22.85,23.1,22.8,22.95,22.849999999999998,306
9941,裕融,90.9,92.5,90.5,91.6,90.69999999999999,1734
9942,茂順,104.0,105.5,104.0,105.0,105.0,37
9943,好樂迪,61.4,61.5,61.3,61.4,61.199999999999996,16
9944,新麗,16.7,16.85,16.7,16.85,16.700000000000003,22
9945,潤泰新,30.1,30.3,29.95,30.15,30.099999999999998,2748
9946,三發地產,18.85,19.0,18.55,18.7,18.4,543
9955,佳龍,31.8,31.8,30.2,30.2,31.349999999999998,771
9958,世紀鋼,137.5,137.5,134.5,134.5,136.5,496
